{"Train Accuracy": 0.7798903245192308, "Train Clean Accuracy": 0.7741135817307693, "_timestamp": 1672906014.9102604, "_runtime": 55291.505016326904, "_step": 4928, "Test Clean Accuracy": 0.7076666666666667, "Test Accuracy": 0.7073333333333334}