{"Train Accuracy": 0.0, "Train Clean Accuracy": 0.0, "_timestamp": 1672846887.266522, "_runtime": 133.41163802146912, "_step": 74, "_wandb": {"runtime": 133}}