{"Train Accuracy": 0.0, "Train Clean Accuracy": 0.0, "_timestamp": 1672848043.5078773, "_runtime": 1113.059742450714, "_step": 657, "Test Clean Accuracy": 0.0, "Test Accuracy": 0.0, "_wandb": {"runtime": 1112}}